term_code,org_code,scenario_version,enrollment_forecast,net_tuition_amount,available_sch_forecast,source_updated_at
FALL25,CS,APPROVED V1,3,24000.0,45.0,2026-09-01
FALL25,BIO,APPROVED V1,1,8000.0,12.0,2026-09-01
FALL25,BUS,APPROVED V1,2,16000.0,24.0,2026-09-01
SPRING26,CS,APPROVED V1,3,24000.0,42.0,2026-09-01
SPRING26,BIO,APPROVED V1,2,16000.0,24.0,2026-09-01
SPRING26,BUS,APPROVED V1,1,8000.0,12.0,2026-09-01
FALL26,CS,APPROVED V1,4,32000.0,54.0,2026-09-01
FALL26,BIO,APPROVED V1,2,16000.0,24.0,2026-09-01
FALL26,BUS,APPROVED V1,2,16000.0,24.0,2026-09-01
