section_id,term_code,org_code,subject_code,modality,available_seats,enrolled_seats,snapshot_date,source_updated_at
cs101-01,FALL25,CS,cs101,in person,30,26,2025-09-08,2026-09-01
bio110-01,FALL25,BIO,BIO110,ONLINE,40,30,09/08/2025,2026-09-01
bus200-01,FALL25,bus,bus200,Hybrid,25,20,2025-09-08,2026-09-01
cs101-01,SPRING26,CS,cs101,in person,30,29,2026-01-27,2026-09-01
bio110-01,SPRING26,BIO,BIO110,ONLINE,40,31,01/27/2026,2026-09-01
bus200-01,SPRING26,bus,bus200,Hybrid,25,24,2026-01-27,2026-09-01
cs101-01,FALL26,CS,cs101,in person,30,28,2026-09-07,2026-09-01
bio110-01,fall26,BIO,BIO110,ONLINE,40,35,09/07/2026,2026-09-01
bus200-01,FALL26,bus,bus200,Hybrid,25,22,2026-09-07,2026-09-01
